{"options":{"awareOfChrome":false,"check_for_updates":true,"comment":"","compat_arrayleft":false,"compat_foreach":false,"compat_forvarin":false,"compat_metadata":false,"compat_uW_gmonkey":false,"compat_wrappedjsobject":false,"compatopts_for_requires":true,"noframes":null,"override":{"merge_connects":true,"merge_excludes":true,"merge_includes":true,"merge_matches":true,"orig_connects":[],"orig_excludes":[],"orig_includes":[],"orig_matches":["*://v.qq.com/x/cover/*","*://v.qq.com/x/page/*","*://www.iqiyi.com/*","*://v.youku.com/v_show/*","*://www.mgtv.com/b/*","*://tv.sohu.com/v/*","*://film.sohu.com/album/*","*://www.le.com/ptv/vplay/*","*://video.tudou.com/v/*","*://v.pptv.com/show/*","https://pan.baidu.com/share/init?surl=*","https://pan.baidu.com/wap/init?surl=*","https://pan.baidu.com/share/init?shareid=*","https://pan.baidu.com/wap/init?shareid=*","https://pan.baidu.com/s/*"],"orig_noframes":null,"orig_run_at":"document-end","use_blockers":[],"use_connects":["ypsuperkey.meek.com.cn"],"use_excludes":[],"use_includes":[],"use_matches":[]},"run_at":null},"settings":{"enabled":true,"position":4},"meta":{"name":"74vip_tool","uuid":"9e6dd5de-47c5-424e-86ae-92a263e7a2c9","modified":1582365927653,"file_url":"https://raw.githubusercontent.com/91en/91en/master/74vip_tool.js"}}