{"options":{"awareOfChrome":false,"check_for_updates":true,"comment":null,"compat_arrayleft":false,"compat_foreach":false,"compat_forvarin":false,"compat_metadata":false,"compat_uW_gmonkey":false,"compat_wrappedjsobject":false,"compatopts_for_requires":true,"noframes":null,"override":{"merge_connects":true,"merge_excludes":true,"merge_includes":true,"merge_matches":true,"orig_connects":["baidu.com","baidupcs.com","bilibili.com","111.229.137.150","127.0.0.1","localhost","self"],"orig_excludes":[],"orig_includes":["https://pan.baidu.com/*","https://yun.baidu.com/*","https://wallhaven.cc/*","https://www.bilibili.com/video/av*","https://www.bilibili.com/bangumi/play/*","https://live.bilibili.com/*","https://space.bilibili.com/*","https://search.bilibili.com/*","https://nyaa.fun/*","https://nyaa.si/*","https://sukebei.nyaa.si/*","https://nyaa.mlyx.workers.dev/*","https://acg.rip/*"],"orig_matches":[],"orig_noframes":null,"orig_run_at":"document-idle","use_blockers":[],"use_connects":[],"use_excludes":[],"use_includes":[],"use_matches":[]},"run_at":null},"settings":{"enabled":true,"position":10},"meta":{"name":"Aria2下载助手","uuid":"0467382b-df6e-4231-bb4a-f747609c92d1","modified":1576725948604,"file_url":"https://greasyfork.org/scripts/390707-aria2%E4%B8%8B%E8%BD%BD%E5%8A%A9%E6%89%8B/code/Aria2%E4%B8%8B%E8%BD%BD%E5%8A%A9%E6%89%8B.user.js"}}