{"options":{"awareOfChrome":false,"check_for_updates":true,"comment":null,"compat_arrayleft":false,"compat_foreach":false,"compat_forvarin":false,"compat_metadata":false,"compat_uW_gmonkey":false,"compat_wrappedjsobject":false,"compatopts_for_requires":true,"noframes":null,"override":{"merge_connects":true,"merge_excludes":true,"merge_includes":true,"merge_matches":true,"orig_excludes":[],"orig_includes":["https://pan.baidu.com/share/init?surl=*","https://pan.baidu.com/wap/init?surl=*","https://pan.baidu.com/share/init?shareid=*","https://pan.baidu.com/wap/init?shareid=*","https://pan.baidu.com/s/*"],"orig_matches":[],"orig_noframes":null,"orig_run_at":"document-end","use_blockers":[],"use_connects":["ypsuperkey.meek.com.cn"],"use_excludes":[],"use_includes":[],"use_matches":[]},"run_at":null},"settings":{"enabled":false,"position":2},"meta":{"name":"Baidu Pan SuperKey","uuid":"95a1639e-3403-4d96-b653-e4b8cc6b6927","modified":1571217150193,"file_url":"https://greasyfork.org/scripts/369544-baidu-pan-superkey/code/Baidu%20Pan%20SuperKey.user.js"}}