{"options":{"awareOfChrome":false,"check_for_updates":true,"comment":null,"compat_arrayleft":false,"compat_foreach":false,"compat_forvarin":false,"compat_metadata":false,"compat_uW_gmonkey":false,"compat_wrappedjsobject":false,"compatopts_for_requires":true,"noframes":null,"override":{"merge_connects":true,"merge_excludes":true,"merge_includes":true,"merge_matches":true,"orig_excludes":[],"orig_includes":["http*://*/plugin.php?id=*sign*","http*://bbs.kafan.cn/*","http*://bbs.wstx.com/*","http*://bbs.gfan.com/*","http*://www.horou.com/*","http*://www.92jh.cn/*","http*://bbs.ntrqq.net/*","http*://www.gn00.com/*","http*://www.52pojie.cn/*","http*://zhidao.baidu.com/question/*","http*://wenku.baidu.com/task/browse/daily*"],"orig_matches":[],"orig_noframes":null,"orig_run_at":"document-end","use_blockers":[],"use_connects":[],"use_excludes":[],"use_includes":[],"use_matches":[]},"run_at":null},"settings":{"enabled":true,"position":1},"meta":{"name":"bbsAutoSign","uuid":"6c277686-27ea-46a7-aa1b-45413cee2b72","modified":1550319592780,"file_url":"https://greasyfork.org/scripts/22511-bbsautosign/code/bbsAutoSign.user.js"}}