{"options":{"awareOfChrome":false,"check_for_updates":true,"comment":null,"compat_arrayleft":false,"compat_foreach":false,"compat_forvarin":false,"compat_metadata":false,"compat_uW_gmonkey":false,"compat_wrappedjsobject":false,"compatopts_for_requires":true,"noframes":null,"override":{"merge_connects":true,"merge_excludes":true,"merge_includes":true,"merge_matches":true,"orig_connects":["googlevideo.com","s.ytimg.com"],"orig_excludes":[],"orig_includes":["http://*.youtube.com/*","http://youtube.com/*","https://*.youtube.com/*","https://youtube.com/*"],"orig_matches":["*://*.youtube.com/*","*://*.googlevideo.com/*","*://s.ytimg.com/yts/jsbin/*"],"orig_noframes":null,"orig_run_at":"document-idle","use_blockers":[],"use_connects":[],"use_excludes":[],"use_includes":[],"use_matches":[]},"run_at":null},"settings":{"enabled":true,"position":8},"meta":{"name":"YouTube Links","uuid":"4380cd64-7610-4fa1-8149-771bfc755053","modified":1580316865532,"file_url":"https://greasyfork.org/scripts/5566-youtube-links/code/YouTube%20Links.user.js"}}