{"options":{"awareOfChrome":false,"check_for_updates":true,"comment":null,"compat_arrayleft":false,"compat_foreach":false,"compat_forvarin":false,"compat_metadata":false,"compat_uW_gmonkey":false,"compat_wrappedjsobject":false,"compatopts_for_requires":true,"noframes":null,"override":{"merge_connects":true,"merge_excludes":true,"merge_includes":true,"merge_matches":true,"orig_excludes":[],"orig_includes":["http*://www.zcool.com.cn/work/*"],"orig_matches":[],"orig_noframes":null,"orig_run_at":"document-idle","use_blockers":[],"use_connects":[],"use_excludes":[],"use_includes":[],"use_matches":[]},"run_at":null},"settings":{"enabled":true,"position":6},"meta":{"name":"站酷网添加图片下载按钮","uuid":"8027ffb7-fffa-49aa-b6d0-7f8b7d225cfd","modified":1571217276406,"file_url":"https://greasyfork.org/scripts/371416-%E7%AB%99%E9%85%B7%E7%BD%91%E6%B7%BB%E5%8A%A0%E5%9B%BE%E7%89%87%E4%B8%8B%E8%BD%BD%E6%8C%89%E9%92%AE/code/%E7%AB%99%E9%85%B7%E7%BD%91%E6%B7%BB%E5%8A%A0%E5%9B%BE%E7%89%87%E4%B8%8B%E8%BD%BD%E6%8C%89%E9%92%AE.user.js"}}