{"options":{"awareOfChrome":false,"check_for_updates":true,"comment":null,"compat_arrayleft":false,"compat_foreach":false,"compat_forvarin":false,"compat_metadata":false,"compat_uW_gmonkey":false,"compat_wrappedjsobject":false,"compatopts_for_requires":true,"noframes":null,"override":{"merge_connects":true,"merge_excludes":true,"merge_includes":true,"merge_matches":true,"orig_connects":[],"orig_excludes":[],"orig_includes":[],"orig_matches":["*://v.qq.com/x/cover/*","*://v.qq.com/x/page/*","*://www.iqiyi.com/v*","*://v.youku.com/v_show/*","*://www.mgtv.com/b/*","*://tv.sohu.com/v/*","*://film.sohu.com/album/*","*://www.le.com/ptv/vplay/*","*://video.tudou.com/v/*","*://v.pptv.com/show/*"],"orig_noframes":null,"orig_run_at":"document-idle","use_blockers":[],"use_connects":[],"use_excludes":[],"use_includes":[],"use_matches":[]},"run_at":null},"settings":{"enabled":false,"position":11},"meta":{"name":"视频跳过广告和 VIP 视频解析","uuid":"8c4aa6af-7440-410c-9d12-c7fe77fe6234","modified":1582364131943,"file_url":"https://greasyfork.org/scripts/373063-%E8%A7%86%E9%A2%91%E8%B7%B3%E8%BF%87%E5%B9%BF%E5%91%8A%E5%92%8C-vip-%E8%A7%86%E9%A2%91%E8%A7%A3%E6%9E%90/code/%E8%A7%86%E9%A2%91%E8%B7%B3%E8%BF%87%E5%B9%BF%E5%91%8A%E5%92%8C%20VIP%20%E8%A7%86%E9%A2%91%E8%A7%A3%E6%9E%90.user.js"}}