{"data":{"config_json":"s{\"wpzs_version_date\":\"20200314\",\"wpzs_version_latest\":\"0.2.2\",\"wpzs_wpzs_share_list\":{\"b00n7nu4d\":{\"share_id\":\"b00n7nu4d\",\"share_pwd\":\"0\",\"share_link\":\"https://www.lanzous.com/b00n7nu4d\",\"share_source\":\"lanzous\",\"share_time\":1579666346950},\"b0b89uhcd\":{\"share_id\":\"b0b89uhcd\",\"share_pwd\":\"0\",\"share_link\":\"https://www.lanzous.com/b0b89uhcd\",\"share_source\":\"lanzous\",\"share_time\":1580101923266},\"b0cjwv8yh\":{\"share_id\":\"b0cjwv8yh\",\"share_pwd\":\"0\",\"share_link\":\"https://www.lanzous.com/b0cjwv8yh\",\"share_source\":\"lanzous\",\"share_time\":1580300060781},\"dqWZAuBh0_J9vylFwjz8DQ\":{\"share_id\":\"dqWZAuBh0_J9vylFwjz8DQ\",\"share_pwd\":\"2333\",\"share_link\":\"https://pan.baidu.com/share/init?surl=dqWZAuBh0_J9vylFwjz8DQ\",\"share_source\":\"baidu\",\"share_time\":1581751798988},\"d1OntdiwfyP6iiieIFEToA\":{\"share_id\":\"d1OntdiwfyP6iiieIFEToA\",\"share_pwd\":\"mpb1\",\"share_link\":\"https://pan.baidu.com/share/init?surl=d1OntdiwfyP6iiieIFEToA\",\"share_source\":\"baidu\",\"share_time\":1582201693733},\"i956tkj\":{\"share_id\":\"i956tkj\",\"share_pwd\":\"ecrf\",\"share_link\":\"https://www.lanzous.com/i956tkj\",\"share_source\":\"lanzous\",\"share_time\":1583121848244},\"dyX8CKIEHik15gDiWShXCQ\":{\"share_id\":\"dyX8CKIEHik15gDiWShXCQ\",\"share_pwd\":\"r7lj\",\"share_link\":\"https://pan.baidu.com/share/init?surl=dyX8CKIEHik15gDiWShXCQ\",\"share_source\":\"baidu\",\"share_time\":1583724410974},\"AuGLiYUfcV7EDBvOjGuTbg\":{\"share_id\":\"AuGLiYUfcV7EDBvOjGuTbg\",\"share_pwd\":\"cvb2\",\"share_link\":\"https://pan.baidu.com/share/init?surl=AuGLiYUfcV7EDBvOjGuTbg\",\"share_source\":\"baidu\",\"share_time\":1583726501416},\"i9fffhg\":{\"share_id\":\"i9fffhg\",\"share_pwd\":\"au89\",\"share_link\":\"https://www.lanzous.com/i9fffhg\",\"share_source\":\"lanzous\",\"share_time\":1583939268006},\"5y0tGaX5575GX6WqI5cKQw\":{\"share_id\":\"5y0tGaX5575GX6WqI5cKQw\",\"share_pwd\":\"jf2y\",\"share_link\":\"https://pan.baidu.com/share/init?surl=5y0tGaX5575GX6WqI5cKQw\",\"share_source\":\"baidu\",\"share_time\":1583985465823}},\"wpzs_option\":{\"send_usage\":\"yes\",\"baidu_page_home\":\"yes\",\"baidu_page_share\":\"yes\",\"baidu_page_verify\":\"yes\",\"baidu_share_status\":\"yes\",\"baidu_custom_password\":\"yes\",\"baidu_show_origin\":\"yes\",\"baidu_multi_link\":\"no\",\"baidu_auto_jump\":\"no\",\"weiyun_page_verify\":\"yes\",\"weiyun_share_status\":\"yes\",\"weiyun_auto_jump\":\"no\",\"lanzous_page_verify\":\"yes\",\"lanzous_share_status\":\"yes\",\"lanzous_auto_jump\":\"no\"},\"yhg_version_date\":\"20200311\",\"yhg_dialog\":0,\"yhg_version_latest\":\"1.3.0\"}","uid":"shz6gn9pqk68t8lbqpr798metunqq3jlh","wpzs_optionJson":"s{\"send_usage\":\"yes\",\"baidu_page_home\":\"yes\",\"baidu_page_share\":\"yes\",\"baidu_page_verify\":\"yes\",\"baidu_share_status\":\"yes\",\"baidu_custom_password\":\"yes\",\"baidu_show_origin\":\"yes\",\"baidu_multi_link\":\"no\",\"baidu_auto_jump\":\"no\",\"weiyun_page_verify\":\"yes\",\"weiyun_share_status\":\"yes\",\"weiyun_auto_jump\":\"no\",\"lanzous_page_verify\":\"yes\",\"lanzous_share_status\":\"no\",\"lanzous_auto_jump\":\"no\"}","wpzs_share_log_json":"s{\"BS9TEes2kzhmicGHMiu3tQ\":{\"share_id\":\"BS9TEes2kzhmicGHMiu3tQ\",\"share_pwd\":\"yfu8\",\"share_link\":\"https://pan.baidu.com/share/init?surl=BS9TEes2kzhmicGHMiu3tQ\",\"share_source\":\"baidu\",\"share_time\":1574569308156},\"b00n4qm3e\":{\"share_id\":\"b00n4qm3e\",\"share_pwd\":\"0\",\"share_link\":\"https://www.lanzous.com/b00n4qm3e\",\"share_source\":\"lanzous\",\"share_time\":1574925278462},\"R910GmeMAm1JEJQJ5BAgNQ\":{\"share_id\":\"R910GmeMAm1JEJQJ5BAgNQ\",\"share_pwd\":\"rxzv\",\"share_link\":\"https://pan.baidu.com/share/init?surl=R910GmeMAm1JEJQJ5BAgNQ\",\"share_source\":\"baidu\",\"share_time\":1575342417225},\"b00n7e6md\":{\"share_id\":\"b00n7e6md\",\"share_pwd\":\"0\",\"share_link\":\"https://www.lanzous.com/b00n7e6md\",\"share_source\":\"lanzous\",\"share_time\":1575346928048}}","wpzs_uid":"sx4rkih20moop7n3om1suugd52n29k3z5","yhg_configJson":"s{\"version_date\":\"20191202\",\"version_latest\":\"1.3.0\",\"dialog\":0}","yhg_uid":"s551il5fqs8p06dkvacn2gjyf6zipoacy"},"ts":1584164664300}