{"options":{"awareOfChrome":false,"check_for_updates":true,"comment":null,"compat_arrayleft":false,"compat_foreach":false,"compat_forvarin":false,"compat_metadata":false,"compat_uW_gmonkey":false,"compat_wrappedjsobject":false,"compatopts_for_requires":true,"noframes":null,"override":{"merge_connects":true,"merge_excludes":true,"merge_includes":true,"merge_matches":true,"orig_connects":["taobao.com","www.lanzous.com","pan.baidu.com","share.weiyun.com","ypsuperkey.meek.com.cn","newday.me"],"orig_excludes":[],"orig_includes":["*://**/*"],"orig_matches":[],"orig_noframes":true,"orig_run_at":"document-start","use_blockers":[],"use_connects":[],"use_excludes":[],"use_includes":[],"use_matches":[]},"run_at":null},"settings":{"enabled":true,"position":9},"meta":{"name":"集装箱","uuid":"b2a31fb1-f42f-47f2-8cbe-9d651ec84c8f","modified":1577710402872,"file_url":"https://greasyfork.org/scripts/382927-%E9%9B%86%E8%A3%85%E7%AE%B1/code/%E9%9B%86%E8%A3%85%E7%AE%B1.user.js"}}